<?xml version="1.0" encoding="UTF-8" ?>
<!DOCTYPE mapper PUBLIC "-//mybatis.org//DTD Mapper 3.0//EN" 
	"http://mybatis.org/dtd/mybatis-3-mapper.dtd">

<mapper namespace="com.ssafy.member.model.mapper.MemberMapper">
	<select id="get" parameterType="MemberDTO" resultType="MemberDTO">
		select * from member where userID = #{userID}
	</select>

	<select id="check" parameterType="MemberDTO" resultType="MemberDTO">
		select * from member where userID = #{userID} and userPW = #{userPW}
	</select>
	
	<insert id="registerMember" parameterType="MemberDTO">
		insert into member value (#{userID}, #{userPW}, #{userName}, #{userAddr})
	</insert>
	
	<update id="UpdateUserInfo">
		update member set userPW = #{userPW}, userName = #{userName}, userAddr = #{userAddr} where userID = #{userID}
	</update>
	
	<delete id="DeleteUser">
		delete from member where userID = #{userID}
	</delete>

</mapper>
